{"cameraMode":{"drawMode":0,"name":"Shaded","section":"Shading Mode"},"sceneLighting":true,"audioPlay":false,"sceneViewState":{"m_AlwaysRefresh":false,"showFog":true,"showSkybox":true,"showFlares":true,"showImageEffects":true,"showParticleSystems":true,"showVisualEffectGraphs":true,"m_FxEnabled":true},"in2DMode":false,"pivot":{"x":-41.716941833496097,"y":1.6827392578125,"z":2.5266056060791017},"rotation":{"x":0.21151423454284669,"y":0.041029319167137149,"z":-0.008898993022739888,"w":0.9764893054962158},"size":6.828332424163818,"orthographic":false}