{"cameraMode":{"drawMode":0,"name":"Shaded","section":"Shading Mode"},"sceneLighting":true,"audioPlay":false,"sceneViewState":{"m_AlwaysRefresh":false,"showFog":true,"showSkybox":true,"showFlares":true,"showImageEffects":true,"showParticleSystems":true,"showVisualEffectGraphs":true,"m_FxEnabled":true},"in2DMode":false,"pivot":{"x":-45.02537155151367,"y":3.657599449157715,"z":-3.989475727081299},"rotation":{"x":-0.22629767656326295,"y":-0.016949793323874475,"z":0.003939343616366386,"w":-0.973905622959137},"size":0.06365878880023956,"orthographic":false}